,user_id,timestamp,page_location,engagement_time_msec,quiz_part,engagement_time_sec,diff_time
5803,11,2023-04-10 17:26:20.265654,https://lookiero.fr/user/quiz/leisure,3230,leisure,3.23,22.94479
5804,11,2023-04-10 17:26:43.210444,https://lookiero.fr/user/quiz/work,19695,work,19.695,7.920229000000001
5805,11,2023-04-10 17:26:51.130673,https://lookiero.fr/user/quiz/fit,7916,fit,7.916,10.55926
5806,11,2023-04-10 17:27:01.689933,https://lookiero.fr/user/quiz/highlight,10537,highlight,10.537,13.5736
5808,11,2023-04-10 17:27:25.045049,https://lookiero.fr/user/quiz/body-shape,4745,body-shape,4.745,12.901147
5809,11,2023-04-10 17:27:37.946196,https://lookiero.fr/user/quiz/eyes,12771,eyes,12.771,14.016714
5810,11,2023-04-10 17:27:51.962910,https://lookiero.fr/user/quiz/hair,13980,hair,13.98,18.809129000000002
5859,11,2023-04-10 17:28:10.772039,https://lookiero.fr/user/quiz/sizes,18924,sizes,18.924,31.95792
5811,11,2023-04-10 17:28:42.729959,https://lookiero.fr/user/quiz/measurements,36163,measurements,36.163,16.98298
5813,11,2023-04-10 17:28:59.712939,https://lookiero.fr/user/quiz/focus,3752,focus,3.752,25.853091000000003
5817,11,2023-04-10 17:29:25.566030,https://lookiero.fr/user/quiz/adventurous,22058,adventurous,22.058,29.111824000000002
5818,11,2023-04-10 17:29:54.677854,https://lookiero.fr/user/quiz/styles,31672,styles,31.672,58.499691000000006
5759,11,2023-04-10 17:30:53.177545,https://lookiero.fr/user/quiz/prices,55880,prices,55.88,1.4810880000000002
5819,11,2023-04-10 17:30:54.658633,https://lookiero.fr/user/quiz/avoid,6541,avoid,6.541,29.672921000000002
5820,11,2023-04-10 17:31:24.331554,https://lookiero.fr/user/quiz/footwear,24627,footwear,24.627,30.180655
5842,11,2023-04-10 17:31:54.513116,https://lookiero.fr/user/quiz/you,3194,you,3.194,32.341534
5821,11,2023-04-10 17:32:26.854650,https://lookiero.fr/user/quiz/photos,27205,photos,27.205,31.875814000000002
5760,11,2023-04-10 17:32:58.730464,https://lookiero.fr/user/quiz/register,27125,register,27.125,27.125
6813,28,2023-04-10 13:27:45.827273,https://lookiero.fr/user/quiz/work,5082,work,5.082,39.865801000000005
5617,28,2023-04-10 13:28:25.693074,https://lookiero.fr/user/quiz/adventurous,3568,adventurous,3.568,23.764010000000003
6780,28,2023-04-10 13:28:49.457084,https://lookiero.fr/user/quiz/avoid,19717,avoid,19.717,106.26414000000001
6787,28,2023-04-10 13:30:35.721224,https://lookiero.fr/user/quiz/leisure,8201,leisure,8.201,8.818445
5624,28,2023-04-10 13:30:44.539669,https://lookiero.fr/user/quiz/fit,3095,fit,3.095,7.090210000000001
6791,28,2023-04-10 13:31:10.010186,https://lookiero.fr/user/quiz/body-shape,14458,body-shape,14.458,5.150926
5625,28,2023-04-10 13:31:15.161112,https://lookiero.fr/user/quiz/eyes,5143,eyes,5.143,5.252595
6811,28,2023-04-10 13:31:20.413707,https://lookiero.fr/user/quiz/sizes,2796,sizes,2.796,12.477099
5628,28,2023-04-10 13:31:32.890806,https://lookiero.fr/user/quiz/measurements,14690,measurements,14.69,12.936883000000002
5629,28,2023-04-10 13:31:52.476930,https://lookiero.fr/user/quiz/focus,6653,focus,6.653,5.7747720000000005
5631,28,2023-04-10 13:31:58.251702,https://lookiero.fr/user/quiz/styles,4075,styles,4.075,21.48535
6793,28,2023-04-10 13:32:19.737052,https://lookiero.fr/user/quiz/prices,17400,prices,17.4,7.19334
6795,28,2023-04-10 13:32:26.930392,https://lookiero.fr/user/quiz/footwear,3871,footwear,3.871,15.353653000000001
6816,28,2023-04-10 13:32:51.145776,https://lookiero.fr/user/quiz/you,3844,you,3.844,13.453236
6805,28,2023-04-10 13:33:04.599012,https://lookiero.fr/user/quiz/photos,13430,photos,13.43,49.594567000000005
6817,28,2023-04-10 13:33:54.193579,https://lookiero.fr/user/quiz/register,44620,register,44.62,44.62
24067,44,2023-06-29 14:49:28.946444,https://lookiero.es/user/quiz/work,,work,,5.009087
24068,44,2023-06-29 14:49:33.955531,https://lookiero.es/user/quiz/fit,4809,fit,4.809,5.307797000000001
24070,44,2023-06-29 14:49:39.263328,https://lookiero.es/user/quiz/body-shape,3112,body-shape,3.112,13.58937
24072,44,2023-06-29 14:49:52.852698,https://lookiero.es/user/quiz/hair,9359,hair,9.359,8.604089
24074,44,2023-06-29 14:50:01.456787,https://lookiero.es/user/quiz/measurements,6237,measurements,6.237,6.333897
24076,44,2023-06-29 14:50:07.790684,https://lookiero.es/user/quiz/adventurous,3026,adventurous,3.026,6.975484000000001
24080,44,2023-06-29 14:50:14.766168,https://lookiero.es/user/quiz/footwear,1528,footwear,1.528,0.0027960000000000003
24078,44,2023-06-29 14:50:14.768964,https://lookiero.es/user/quiz/prices,5026,prices,5.026,8.765563
24083,44,2023-06-29 14:50:23.534527,https://lookiero.es/user/quiz/register,1789,register,1.789,14.804920000000001
24084,44,2023-06-29 14:50:38.339447,https://lookiero.es/user/quiz/photos,12049,photos,12.049,12.049
31264,50,2023-02-19 09:36:21.874769,https://lookiero.fr/user/quiz,,,,6.898356000000001
31281,50,2023-02-19 09:36:28.773125,https://lookiero.fr/user/quiz/work,6887,work,6.887,7.688782000000001
31282,50,2023-02-19 09:36:36.461907,https://lookiero.fr/user/quiz/fit,7691,fit,7.691,11.984696000000001
31265,50,2023-02-19 09:36:48.446603,https://lookiero.fr/user/quiz/highlight,11962,highlight,11.962,16.322149
31283,50,2023-02-19 09:37:04.768752,https://lookiero.fr/user/quiz/body-shape,16286,body-shape,16.286,25.676000000000002
31266,50,2023-02-19 09:37:30.444752,https://lookiero.fr/user/quiz/eyes,30682,eyes,30.682,9.154115000000001
31284,50,2023-02-19 09:37:39.598867,https://lookiero.fr/user/quiz/hair,4106,hair,4.106,9.486378
31285,50,2023-02-19 09:37:49.085245,https://lookiero.fr/user/quiz/sizes,9478,sizes,9.478,18.512843
31299,50,2023-02-19 09:38:07.598088,https://lookiero.fr/user/quiz/measurements,18313,measurements,18.313,10.799867
31286,50,2023-02-19 09:38:18.397955,https://lookiero.fr/user/quiz/focus,10971,focus,10.971,10.902762000000001
31287,50,2023-02-19 09:38:29.300717,https://lookiero.fr/user/quiz/adventurous,10861,adventurous,10.861,12.326602000000001
31288,50,2023-02-19 09:38:41.627319,https://lookiero.fr/user/quiz/styles,17312,styles,17.312,41.082912
31289,50,2023-02-19 09:39:22.710231,https://lookiero.fr/user/quiz/prices,36004,prices,36.004,17.209149
31290,50,2023-02-19 09:39:39.919380,https://lookiero.fr/user/quiz/footwear,7782,footwear,7.782,5.560811
31300,50,2023-02-19 09:39:45.480191,https://lookiero.fr/user/quiz/you,10531,you,10.531,20.328488
31291,50,2023-02-19 09:40:05.808679,https://lookiero.fr/user/quiz/photos,15301,photos,15.301,127.880981
31267,50,2023-02-19 09:42:13.689660,https://lookiero.fr/user/quiz/register,36907,register,36.907,36.907
31194,144,2023-02-19 08:27:37.346538,https://lookiero.de/user/quiz/work,,work,,30.695386000000003
31181,144,2023-02-19 08:28:08.041924,https://lookiero.de/user/quiz/fit,30687,fit,30.687,12.609273
31243,144,2023-02-19 08:28:20.651197,https://lookiero.de/user/quiz/highlight,12565,highlight,12.565,14.055200000000001
31170,144,2023-02-19 08:28:34.706397,https://lookiero.de/user/quiz/body-shape,19112,body-shape,19.112,151.638418
31172,144,2023-02-19 08:31:06.344815,https://lookiero.de/user/quiz/eyes,151599,eyes,151.599,24.086417
31196,144,2023-02-19 08:31:30.431232,https://lookiero.de/user/quiz/hair,19106,hair,19.106,8.91149
31197,144,2023-02-19 08:31:39.342722,https://lookiero.de/user/quiz/sizes,8905,sizes,8.905,32.415841
31198,144,2023-02-19 08:32:11.758563,https://lookiero.de/user/quiz/measurements,37402,measurements,37.402,24.131226
31244,144,2023-02-19 08:32:35.889789,https://lookiero.de/user/quiz/focus,19142,focus,19.142,58.629780000000004
31185,144,2023-02-19 08:33:34.519569,https://lookiero.de/user/quiz/adventurous,63607,adventurous,63.607,27.533767
31250,144,2023-02-19 08:34:02.053336,https://lookiero.de/user/quiz/styles,22558,styles,22.558,132.475055
31227,144,2023-02-19 08:36:14.528391,https://lookiero.de/user/quiz/prices,137446,prices,137.446,15.317494000000002
31228,144,2023-02-19 08:36:29.845885,https://lookiero.de/user/quiz/avoid,10334,avoid,10.334,40.818991000000004
31253,144,2023-02-19 08:37:10.664876,https://lookiero.de/user/quiz/you,40780,you,40.78,46.425729000000004
31231,144,2023-02-19 08:37:57.090605,https://lookiero.de/user/quiz/photos,51432,photos,51.432,374.997093
31190,144,2023-02-19 08:46:08.293150,https://lookiero.de/user/quiz/register,104452,register,104.452,104.452
27415,181,2023-03-18 19:19:42.349669,https://lookiero.de/user/quiz/work,,work,,8.264583
27436,181,2023-03-18 19:19:50.614252,https://lookiero.de/user/quiz/fit,8218,fit,8.218,47.538096
27410,181,2023-03-18 19:20:38.152348,https://lookiero.de/user/quiz/highlight,47543,highlight,47.543,44.063065
27419,181,2023-03-18 19:21:22.215413,https://lookiero.de/user/quiz/body-shape,49079,body-shape,49.079,68.50352600000001
27416,181,2023-03-18 19:22:30.718939,https://lookiero.de/user/quiz/eyes,68476,eyes,68.476,27.601148000000002
27437,181,2023-03-18 19:22:58.320087,https://lookiero.de/user/quiz/hair,13805,hair,13.805,11.050731
27420,181,2023-03-18 19:23:09.370818,https://lookiero.de/user/quiz/sizes,10957,sizes,10.957,37.317620000000005
27417,181,2023-03-18 19:23:46.688438,https://lookiero.de/user/quiz/measurements,42395,measurements,42.395,17.876765000000002
27421,181,2023-03-18 19:24:04.565203,https://lookiero.de/user/quiz/focus,12856,focus,12.856,61.029918
27422,181,2023-03-18 19:25:05.595121,https://lookiero.de/user/quiz/adventurous,66028,adventurous,66.028,62.63477
27438,181,2023-03-18 19:26:08.229891,https://lookiero.de/user/quiz/styles,62605,styles,62.605,78.64515800000001
27418,181,2023-03-18 19:27:26.875049,https://lookiero.de/user/quiz/prices,78642,prices,78.642,16.000011
27423,181,2023-03-18 19:27:42.875060,https://lookiero.de/user/quiz/avoid,10981,avoid,10.981,57.431505
27424,181,2023-03-18 19:28:40.306565,https://lookiero.de/user/quiz/you,62453,you,62.453,44.190539
27439,181,2023-03-18 19:29:24.497104,https://lookiero.de/user/quiz/photos,39132,photos,39.132,588.6474360000001
27429,181,2023-03-18 19:40:36.931022,https://lookiero.de/user/quiz/register,64348,register,64.348,64.348
30776,188,2023-02-19 05:02:54.779590,https://lookiero.it/user/quiz/work,,work,,56.281741000000004
30777,188,2023-02-19 05:03:51.061331,https://lookiero.it/user/quiz/fit,61194,fit,61.194,39.176138
30778,188,2023-02-19 05:04:30.237469,https://lookiero.it/user/quiz/highlight,34135,highlight,34.135,45.581857
30779,188,2023-02-19 05:05:15.819326,https://lookiero.it/user/quiz/body-shape,50538,body-shape,50.538,42.072313
30780,188,2023-02-19 05:05:57.891639,https://lookiero.it/user/quiz/eyes,37154,eyes,37.154,15.690321
30785,188,2023-02-19 05:06:13.581960,https://lookiero.it/user/quiz/hair,15661,hair,15.661,5.727401
30770,188,2023-02-19 05:06:19.309361,https://lookiero.it/user/quiz/sizes,10685,sizes,10.685,35.532891
30781,188,2023-02-19 05:06:54.842252,https://lookiero.it/user/quiz/measurements,30483,measurements,30.483,24.239978
30782,188,2023-02-19 05:07:19.082230,https://lookiero.it/user/quiz/focus,29234,focus,29.234,31.827423000000003
30788,188,2023-02-19 05:07:50.909653,https://lookiero.it/user/quiz/adventurous,26799,adventurous,26.799,26.112097000000002
30783,188,2023-02-19 05:08:17.021750,https://lookiero.it/user/quiz/styles,26086,styles,26.086,54.549659000000005
30789,188,2023-02-19 05:09:11.571409,https://lookiero.it/user/quiz/prices,59361,prices,59.361,15.429391
30790,188,2023-02-19 05:09:27.000800,https://lookiero.it/user/quiz/avoid,10564,avoid,10.564,31.535417000000002
30793,188,2023-02-19 05:09:58.536217,https://lookiero.it/user/quiz/footwear,5741,footwear,5.741,41.987297000000005
30784,188,2023-02-19 05:10:40.523514,https://lookiero.it/user/quiz/you,42096,you,42.096,6.897851
30796,188,2023-02-19 05:10:47.421365,https://lookiero.it/user/quiz/photos,2020,photos,2.02,10.789255
30798,188,2023-02-19 05:11:43.635812,https://lookiero.it/user/quiz/register,42864,register,42.864,42.864
30856,195,2023-02-19 06:25:47.408731,https://lookiero.it/user/quiz/work,,work,,18.447625000000002
30861,195,2023-02-19 06:26:05.856356,https://lookiero.it/user/quiz/fit,18444,fit,18.444,18.761331000000002
30857,195,2023-02-19 06:26:24.617687,https://lookiero.it/user/quiz/highlight,23768,highlight,23.768,63.581257
30858,195,2023-02-19 06:27:28.198944,https://lookiero.it/user/quiz/body-shape,58523,body-shape,58.523,34.66418
30874,195,2023-02-19 06:28:02.863124,https://lookiero.it/user/quiz/eyes,39633,eyes,39.633,9.850355
30859,195,2023-02-19 06:28:12.713479,https://lookiero.it/user/quiz/hair,4864,hair,4.864,15.058301
30860,195,2023-02-19 06:28:27.771780,https://lookiero.it/user/quiz/sizes,15048,sizes,15.048,51.992364
30871,195,2023-02-19 06:29:19.764144,https://lookiero.it/user/quiz/measurements,56938,measurements,56.938,18.527106
30872,195,2023-02-19 06:29:38.291250,https://lookiero.it/user/quiz/focus,13571,focus,13.571,25.240192
30875,195,2023-02-19 06:30:03.531442,https://lookiero.it/user/quiz/adventurous,25226,adventurous,25.226,140.478388
30873,195,2023-02-19 06:32:24.009830,https://lookiero.it/user/quiz/prices,119090,prices,119.09,540.287773
30882,195,2023-02-19 06:41:24.297603,https://lookiero.it/user/quiz/photos,21314,photos,21.314,12.409325
30866,195,2023-02-19 06:41:36.706928,https://lookiero.it/user/quiz/styles,2251,styles,2.251,47.725742000000004
30879,195,2023-02-19 06:42:24.432670,https://lookiero.it/user/quiz/avoid,4914,avoid,4.914,9.537284000000001
30883,195,2023-02-19 06:42:33.969954,https://lookiero.it/user/quiz/footwear,4466,footwear,4.466,48.80975
30869,195,2023-02-19 06:43:22.779704,https://lookiero.it/user/quiz/you,48795,you,48.795,2821.186353
30887,195,2023-02-19 07:54:59.934877,https://lookiero.it/user/quiz/register,61657,register,61.657,61.657
21684,210,2023-01-25 21:44:57.991045,https://lookiero.fr/user/quiz/register,4978,register,4.978,4.978
27915,217,2023-03-18 16:55:13.108117,https://lookiero.fr/user/quiz/register,22089,register,22.089,22.089
31129,237,2023-02-19 08:22:51.310318,https://lookiero.be/user/quiz/work,,work,,13.375462
31163,237,2023-02-19 08:23:04.685780,https://lookiero.be/user/quiz/fit,13372,fit,13.372,22.126968
31164,237,2023-02-19 08:23:26.812748,https://lookiero.be/user/quiz/highlight,26859,highlight,26.859,17.750383
31165,237,2023-02-19 08:23:44.563131,https://lookiero.be/user/quiz/body-shape,12974,body-shape,12.974,53.202743000000005
31138,237,2023-02-19 08:24:37.765874,https://lookiero.be/user/quiz/eyes,58086,eyes,58.086,9.919963000000001
31166,237,2023-02-19 08:24:47.685837,https://lookiero.be/user/quiz/hair,5049,hair,5.049,15.241990000000001
31191,237,2023-02-19 08:25:02.927827,https://lookiero.be/user/quiz/sizes,15222,sizes,15.222,54.71603
31167,237,2023-02-19 08:25:57.643857,https://lookiero.be/user/quiz/measurements,59571,measurements,59.571,16.80639
31178,237,2023-02-19 08:26:14.450247,https://lookiero.be/user/quiz/focus,11909,focus,11.909,14.395662000000002
31192,237,2023-02-19 08:26:28.845909,https://lookiero.be/user/quiz/adventurous,14393,adventurous,14.393,36.592401
31193,237,2023-02-19 08:27:05.438310,https://lookiero.be/user/quiz/styles,41361,styles,41.361,55.260719
31179,237,2023-02-19 08:28:00.699029,https://lookiero.be/user/quiz/prices,50532,prices,50.532,6.008242
31180,237,2023-02-19 08:28:06.707271,https://lookiero.be/user/quiz/avoid,5978,avoid,5.978,6.59905
31195,237,2023-02-19 08:28:13.306321,https://lookiero.be/user/quiz/footwear,11386,footwear,11.386,21.830059000000002
31169,237,2023-02-19 08:28:35.136380,https://lookiero.be/user/quiz/you,17005,you,17.005,29.293684000000002
31171,237,2023-02-19 08:29:04.430064,https://lookiero.be/user/quiz/photos,29262,photos,29.262,371.231876
31186,237,2023-02-19 08:36:16.496494,https://lookiero.be/user/quiz/register,51305,register,51.305,51.305
5772,295,2023-04-10 17:13:39.346121,https://lookiero.be/user/quiz/leisure,24569,leisure,24.569,15.122158
5752,295,2023-04-10 17:13:54.468279,https://lookiero.be/user/quiz/work,15117,work,15.117,11.665555000000001
5784,295,2023-04-10 17:14:06.133834,https://lookiero.be/user/quiz/fit,11674,fit,11.674,10.247856
5785,295,2023-04-10 17:14:16.381690,https://lookiero.be/user/quiz/highlight,15251,highlight,15.251,26.625442000000003
5786,295,2023-04-10 17:14:43.007132,https://lookiero.be/user/quiz/body-shape,21618,body-shape,21.618,16.878809
5849,295,2023-04-10 17:14:59.885941,https://lookiero.be/user/quiz/eyes,16876,eyes,16.876,13.820891000000001
5850,295,2023-04-10 17:15:13.706832,https://lookiero.be/user/quiz/hair,13818,hair,13.818,2.792781
5768,295,2023-04-10 17:15:16.499613,https://lookiero.be/user/quiz/sizes,7798,sizes,7.798,20.752177
5775,295,2023-04-10 17:15:37.251790,https://lookiero.be/user/quiz/measurements,15746,measurements,15.746,8.631193
5851,295,2023-04-10 17:15:45.882983,https://lookiero.be/user/quiz/focus,8628,focus,8.628,7.474797000000001
5852,295,2023-04-10 17:15:53.357780,https://lookiero.be/user/quiz/adventurous,7449,adventurous,7.449,16.786871
5753,295,2023-04-10 17:16:10.144651,https://lookiero.be/user/quiz/styles,16815,styles,16.815,26.734024
5754,295,2023-04-10 17:16:36.878675,https://lookiero.be/user/quiz/prices,31735,prices,31.735,13.906797000000001
5853,295,2023-04-10 17:16:50.785472,https://lookiero.be/user/quiz/avoid,8898,avoid,8.898,11.678215000000002
5787,295,2023-04-10 17:17:02.463687,https://lookiero.be/user/quiz/footwear,11679,footwear,11.679,26.541491
5755,295,2023-04-10 17:17:29.005178,https://lookiero.be/user/quiz/you,26538,you,26.538,13.095525
5776,295,2023-04-10 17:17:42.100703,https://lookiero.be/user/quiz/photos,18101,photos,18.101,159.17698900000002
5854,295,2023-04-10 17:20:21.277692,https://lookiero.be/user/quiz/register,18753,register,18.753,18.753
27990,309,2023-03-18 22:12:46.529858,https://lookiero.fr/user/quiz,,,,10.383852000000001
27995,309,2023-03-18 22:12:56.913710,https://lookiero.fr/user/quiz/work,10378,work,10.378,18.14047
27996,309,2023-03-18 22:13:15.054180,https://lookiero.fr/user/quiz/fit,18115,fit,18.115,38.957872
27997,309,2023-03-18 22:13:54.012052,https://lookiero.fr/user/quiz/highlight,43949,highlight,43.949,26.041925000000003
27998,309,2023-03-18 22:14:20.053977,https://lookiero.fr/user/quiz/body-shape,21041,body-shape,21.041,61.220898000000005
27980,309,2023-03-18 22:15:21.274875,https://lookiero.fr/user/quiz/eyes,66210,eyes,66.21,20.772779
27981,309,2023-03-18 22:15:42.047654,https://lookiero.fr/user/quiz/hair,15747,hair,15.747,10.012512000000001
27999,309,2023-03-18 22:15:52.060166,https://lookiero.fr/user/quiz/sizes,10031,sizes,10.031,23.841916
27982,309,2023-03-18 22:16:15.902082,https://lookiero.fr/user/quiz/measurements,23841,measurements,23.841,9.191117
28000,309,2023-03-18 22:16:25.093199,https://lookiero.fr/user/quiz/focus,9187,focus,9.187,20.865111000000002
28001,309,2023-03-18 22:16:45.958310,https://lookiero.fr/user/quiz/adventurous,25866,adventurous,25.866,47.893622
27983,309,2023-03-18 22:17:33.851932,https://lookiero.fr/user/quiz/styles,42776,styles,42.776,54.678463
28002,309,2023-03-18 22:18:28.530395,https://lookiero.fr/user/quiz/prices,59781,prices,59.781,15.211538000000001
28003,309,2023-03-18 22:18:43.741933,https://lookiero.fr/user/quiz/avoid,10162,avoid,10.162,28.103006
28004,309,2023-03-18 22:19:11.844939,https://lookiero.fr/user/quiz/footwear,28124,footwear,28.124,37.762964000000004
28005,309,2023-03-18 22:19:49.607903,https://lookiero.fr/user/quiz/you,42752,you,42.752,27.68635
28006,309,2023-03-18 22:20:17.294253,https://lookiero.fr/user/quiz/photos,22672,photos,22.672,27.532017000000003
28007,309,2023-03-18 22:21:31.164429,https://lookiero.fr/user/quiz/register,46577,register,46.577,46.577
12754,331,2023-06-11 12:19:13.976360,https://lookiero.fr/user/quiz,,,,10.242083000000001
12755,331,2023-06-11 12:19:24.218443,https://lookiero.fr/user/quiz/work,10188,work,10.188,6.799899000000001
12756,331,2023-06-11 12:19:31.018342,https://lookiero.fr/user/quiz/fit,6835,fit,6.835,17.440744000000002
12729,331,2023-06-11 12:19:48.459086,https://lookiero.fr/user/quiz/highlight,17430,highlight,17.43,6.559686
12757,331,2023-06-11 12:19:55.018772,https://lookiero.fr/user/quiz/body-shape,6538,body-shape,6.538,59.242698000000004
12730,331,2023-06-11 12:20:54.261470,https://lookiero.fr/user/quiz/eyes,64148,eyes,64.148,11.952675000000001
12792,331,2023-06-11 12:21:06.214145,https://lookiero.fr/user/quiz/sizes,3706,sizes,3.706,19.912933000000002
12793,331,2023-06-11 12:21:26.127078,https://lookiero.fr/user/quiz/measurements,16158,measurements,16.158,6.920172
12758,331,2023-06-11 12:21:33.047250,https://lookiero.fr/user/quiz/focus,6925,focus,6.925,14.927184
12759,331,2023-06-11 12:21:47.974434,https://lookiero.fr/user/quiz/adventurous,14881,adventurous,14.881,19.595849
12731,331,2023-06-11 12:22:07.570283,https://lookiero.fr/user/quiz/styles,24627,styles,24.627,53.446156
12761,331,2023-06-11 12:23:01.016439,https://lookiero.fr/user/quiz/avoid,4903,avoid,4.903,19.000329
12794,331,2023-06-11 12:23:20.016768,https://lookiero.fr/user/quiz/footwear,19107,footwear,19.107,28.159757000000003
12734,331,2023-06-11 12:23:48.176525,https://lookiero.fr/user/quiz/you,23154,you,23.154,28.799210000000002
12796,331,2023-06-11 12:24:16.975735,https://lookiero.fr/user/quiz/photos,28790,photos,28.79,113.851977
12765,331,2023-06-11 12:26:10.827712,https://lookiero.fr/user/quiz/register,25885,register,25.885,25.885
36663,366,2023-01-23 12:32:45.735308,https://lookiero.fr/user/quiz/work,,work,,16.634314
36684,366,2023-01-23 12:33:02.369622,https://lookiero.fr/user/quiz/fit,21626,fit,21.626,17.005609
36664,366,2023-01-23 12:33:19.375231,https://lookiero.fr/user/quiz/highlight,12019,highlight,12.019,9.753881
36665,366,2023-01-23 12:33:29.129112,https://lookiero.fr/user/quiz/body-shape,9740,body-shape,9.74,15.602898000000001
36666,366,2023-01-23 12:33:44.732010,https://lookiero.fr/user/quiz/eyes,15587,eyes,15.587,6.143241000000001
36667,366,2023-01-23 12:33:50.875251,https://lookiero.fr/user/quiz/hair,6116,hair,6.116,16.881556
36669,366,2023-01-23 12:34:07.756807,https://lookiero.fr/user/quiz/measurements,14961,measurements,14.961,13.041495000000001
36670,366,2023-01-23 12:34:20.798302,https://lookiero.fr/user/quiz/focus,8035,focus,8.035,9.491839
36668,366,2023-01-23 12:34:30.290141,https://lookiero.fr/user/quiz/adventurous,9449,adventurous,9.449,11.628072000000001
36671,366,2023-01-23 12:34:41.918213,https://lookiero.fr/user/quiz/styles,11625,styles,11.625,20.844955000000002
36672,366,2023-01-23 12:35:02.763168,https://lookiero.fr/user/quiz/prices,20814,prices,20.814,7.384658000000001
36685,366,2023-01-23 12:35:10.147826,https://lookiero.fr/user/quiz/avoid,7378,avoid,7.378,5.4614590000000005
36673,366,2023-01-23 12:35:15.609285,https://lookiero.fr/user/quiz/footwear,10460,footwear,10.46,22.279317000000002
36674,366,2023-01-23 12:35:37.888602,https://lookiero.fr/user/quiz/you,17256,you,17.256,13.585148
36686,366,2023-01-23 12:35:51.473750,https://lookiero.fr/user/quiz/photos,13238,photos,13.238,9.8385
36688,366,2023-01-23 12:36:01.312250,https://lookiero.fr/user/quiz/register,5815,register,5.815,5.815
18338,375,2023-07-24 22:01:01.644387,https://lookiero.fr/user/quiz/work,,work,,9.626393
18339,375,2023-07-24 22:01:11.270780,https://lookiero.fr/user/quiz/fit,5774,fit,5.774,5.482359000000001
18340,375,2023-07-24 22:01:16.753139,https://lookiero.fr/user/quiz/highlight,5473,highlight,5.473,28.047165000000003
18344,375,2023-07-24 22:01:44.800304,https://lookiero.fr/user/quiz/sizes,3599,sizes,3.599,7.314635000000001
18345,375,2023-07-24 22:01:52.114939,https://lookiero.fr/user/quiz/hair,11591,hair,11.591,0.67574
18346,375,2023-07-24 22:01:52.790679,https://lookiero.fr/user/quiz/eyes,58,eyes,0.058,3.839083
18347,375,2023-07-24 22:01:56.629762,https://lookiero.fr/user/quiz/body-shape,69,body-shape,0.069,0.069
31325,421,2023-02-19 16:19:04.497719,https://lookiero.de/user/quiz/work,,work,,21.790334
31316,421,2023-02-19 16:19:26.288053,https://lookiero.de/user/quiz/highlight,13704,highlight,13.704,109.103581
31320,421,2023-02-19 16:21:15.391634,https://lookiero.de/user/quiz/sizes,4371,sizes,4.371,303.69660500000003
31321,421,2023-02-19 16:26:19.088239,https://lookiero.de/user/quiz/hair,115596,hair,115.596,115.596
27776,437,2023-03-18 15:45:05.986558,https://lookiero.fr/user/quiz/work,,work,,5.91859
27777,437,2023-03-18 15:45:11.905148,https://lookiero.fr/user/quiz/fit,5917,fit,5.917,12.439664
27778,437,2023-03-18 15:45:24.344812,https://lookiero.fr/user/quiz/highlight,12437,highlight,12.437,19.043647
27779,437,2023-03-18 15:45:43.388459,https://lookiero.fr/user/quiz/body-shape,24058,body-shape,24.058,74.752261
27841,437,2023-03-18 15:46:58.140720,https://lookiero.fr/user/quiz/eyes,74749,eyes,74.749,14.652735000000002
27780,437,2023-03-18 15:47:12.793455,https://lookiero.fr/user/quiz/hair,9644,hair,9.644,19.532173
27781,437,2023-03-18 15:47:32.325628,https://lookiero.fr/user/quiz/sizes,19525,sizes,19.525,25.193847
27842,437,2023-03-18 15:47:57.519475,https://lookiero.fr/user/quiz/measurements,25196,measurements,25.196,4.686625
27782,437,2023-03-18 15:48:02.206100,https://lookiero.fr/user/quiz/focus,9700,focus,9.7,16.761713
27843,437,2023-03-18 15:48:18.967813,https://lookiero.fr/user/quiz/adventurous,11752,adventurous,11.752,24.373831000000003
27846,437,2023-03-18 15:48:43.341644,https://lookiero.fr/user/quiz/styles,24368,styles,24.368,65.326435
27852,437,2023-03-18 15:49:48.668079,https://lookiero.fr/user/quiz/prices,70336,prices,70.336,11.256401
27899,437,2023-03-18 15:49:59.924480,https://lookiero.fr/user/quiz/avoid,6249,avoid,6.249,19.450199
27853,437,2023-03-18 15:50:19.374679,https://lookiero.fr/user/quiz/footwear,19443,footwear,19.443,28.970194000000003
27856,437,2023-03-18 15:50:48.344873,https://lookiero.fr/user/quiz/you,28969,you,28.969,13.102306
27857,437,2023-03-18 15:51:01.447179,https://lookiero.fr/user/quiz/photos,18115,photos,18.115,62.640301
27797,437,2023-03-18 15:52:38.226467,https://lookiero.fr/user/quiz/register,24455,register,24.455,24.455
36178,468,2023-01-23 19:33:54.226922,https://lookiero.de/user/quiz/work,1,work,0.001,18.868186
36153,468,2023-01-23 19:34:13.095108,https://lookiero.de/user/quiz/fit,19317,fit,19.317,20.570758
36140,468,2023-01-23 19:34:33.665866,https://lookiero.de/user/quiz/highlight,20626,highlight,20.626,23.731522000000002
36141,468,2023-01-23 19:34:57.397388,https://lookiero.de/user/quiz/body-shape,28560,body-shape,28.56,31.461469
36142,468,2023-01-23 19:35:28.858857,https://lookiero.de/user/quiz/eyes,26509,eyes,26.509,7.23636
36158,468,2023-01-23 19:35:36.095217,https://lookiero.de/user/quiz/hair,7150,hair,7.15,18.422209000000002
36154,468,2023-01-23 19:35:54.517426,https://lookiero.de/user/quiz/sizes,18552,sizes,18.552,33.327067
36159,468,2023-01-23 19:36:27.844493,https://lookiero.de/user/quiz/measurements,38301,measurements,38.301,24.679122000000003
36155,468,2023-01-23 19:36:52.523615,https://lookiero.de/user/quiz/focus,19485,focus,19.485,29.249316
36156,468,2023-01-23 19:37:21.772931,https://lookiero.de/user/quiz/adventurous,29352,adventurous,29.352,30.725529
36160,468,2023-01-23 19:37:52.498460,https://lookiero.de/user/quiz/styles,35518,styles,35.518,70.36349
36143,468,2023-01-23 19:39:02.861950,https://lookiero.de/user/quiz/prices,70600,prices,70.6,17.901569000000002
36157,468,2023-01-23 19:39:20.763519,https://lookiero.de/user/quiz/avoid,12812,avoid,12.812,30.165991
36144,468,2023-01-23 19:39:50.929510,https://lookiero.de/user/quiz/footwear,30235,footwear,30.235,17.501785
36179,468,2023-01-23 19:40:08.431295,https://lookiero.de/user/quiz/you,22511,you,22.511,70.46045500000001
36145,468,2023-01-23 19:41:18.891750,https://lookiero.de/user/quiz/photos,70149,photos,70.149,566.7737510000001
36168,468,2023-01-23 19:51:08.255149,https://lookiero.de/user/quiz/register,17643,register,17.643,17.643
11687,501,2023-01-05 07:13:26.892933,https://lookiero.fr/user/quiz/register,345336,register,345.336,345.336
34832,569,2023-06-09 17:58:49.380286,https://lookiero.es/user/quiz,,,,
31028,610,2023-02-19 06:55:53.532201,https://lookiero.fr/user/quiz/work,,work,,7.924682000000001
31019,610,2023-02-19 06:56:01.456883,https://lookiero.fr/user/quiz/fit,7913,fit,7.913,15.795833000000002
31013,610,2023-02-19 06:56:17.252716,https://lookiero.fr/user/quiz/highlight,15723,highlight,15.723,8.455271
31014,610,2023-02-19 06:56:25.707987,https://lookiero.fr/user/quiz/body-shape,12923,body-shape,12.923,38.003744000000005
31020,610,2023-02-19 06:57:03.711731,https://lookiero.fr/user/quiz/eyes,33463,eyes,33.463,7.979913000000001
31022,610,2023-02-19 06:57:11.691644,https://lookiero.fr/user/quiz/sizes,5193,sizes,5.193,35.514318
31038,610,2023-02-19 06:57:47.205962,https://lookiero.fr/user/quiz/measurements,35578,measurements,35.578,13.349870000000001
31015,610,2023-02-19 06:58:00.555832,https://lookiero.fr/user/quiz/focus,8690,focus,8.69,13.356239
31023,610,2023-02-19 06:58:13.912071,https://lookiero.fr/user/quiz/adventurous,13318,adventurous,13.318,16.326884
31016,610,2023-02-19 06:58:30.238955,https://lookiero.fr/user/quiz/styles,16323,styles,16.323,17.742398
31029,610,2023-02-19 06:58:47.981353,https://lookiero.fr/user/quiz/prices,22254,prices,22.254,13.444393000000002
31039,610,2023-02-19 06:59:01.425746,https://lookiero.fr/user/quiz/avoid,8831,avoid,8.831,36.269924
31017,610,2023-02-19 06:59:37.695670,https://lookiero.fr/user/quiz/footwear,36240,footwear,36.24,29.487118000000002
31030,610,2023-02-19 07:00:07.182788,https://lookiero.fr/user/quiz/you,33951,you,33.951,24.417938000000003
31031,610,2023-02-19 07:00:31.600726,https://lookiero.fr/user/quiz/photos,19855,photos,19.855,94.510063
16940,718,2023-07-27 10:18:37.048779,https://lookiero.es/user/quiz/photos,1211,photos,1.211,1398.501848
16971,718,2023-07-27 10:41:55.550627,https://lookiero.es/user/quiz/you,65,you,0.065,0.494653
16973,718,2023-07-27 10:41:56.045280,https://lookiero.es/user/quiz/footwear,53,footwear,0.053,0.5049980000000001
16972,718,2023-07-27 10:41:56.550278,https://lookiero.es/user/quiz/avoid,37,avoid,0.037,0.44445100000000004
16975,718,2023-07-27 10:41:56.994729,https://lookiero.es/user/quiz/prices,38,prices,0.038,0.6485500000000001
16974,718,2023-07-27 10:41:57.643279,https://lookiero.es/user/quiz/styles,63,styles,0.063,12996.551866000002
17411,718,2023-07-27 14:18:34.195145,https://lookiero.es/user/quiz/adventurous,,adventurous,,0.43543000000000004
17409,718,2023-07-27 14:18:34.630575,https://lookiero.es/user/quiz/focus,48,focus,0.048,6815.224741
17457,718,2023-07-27 16:12:09.855316,https://lookiero.es/user/quiz/sizes,,sizes,,0.23767000000000002
17468,718,2023-07-27 16:12:10.092986,https://lookiero.es/user/quiz/eyes,33,eyes,0.033,0.200195
17459,718,2023-07-27 16:12:10.293181,https://lookiero.es/user/quiz/body-shape,42,body-shape,0.042,0.148059
17460,718,2023-07-27 16:12:10.441240,https://lookiero.es/user/quiz/highlight,48,highlight,0.048,5.760003
17462,718,2023-07-27 16:12:16.201243,https://lookiero.es/user/quiz,46,,0.046,3003164.401448
21594,718,2023-08-31 10:25:00.602691,https://lookiero.es/user/quiz/measurements,,measurements,,14.346726
21597,718,2023-08-31 10:25:14.949417,https://lookiero.es/user/quiz/work,,work,,9.974895
21598,718,2023-08-31 10:25:24.924312,https://lookiero.es/user/quiz/fit,7758,fit,7.758,14892.719114000001
21638,718,2023-08-31 14:33:37.643426,https://lookiero.es/user/quiz/hair,2510,hair,2.51,2.51
3651,735,2023-01-06 12:29:02.978439,https://lookiero.pt/user/quiz/register,393122,register,393.122,393.122
23707,740,2023-06-29 11:21:15.588052,https://lookiero.pt/user/quiz/work,,work,,8.769763000000001
23739,740,2023-06-29 11:21:24.357815,https://lookiero.pt/user/quiz/fit,8605,fit,8.605,10.930569
23708,740,2023-06-29 11:21:35.288384,https://lookiero.pt/user/quiz/highlight,16058,highlight,16.058,29.006376000000003
23709,740,2023-06-29 11:22:04.294760,https://lookiero.pt/user/quiz/body-shape,23891,body-shape,23.891,30.683885000000004
23740,740,2023-06-29 11:22:34.978645,https://lookiero.pt/user/quiz/eyes,35371,eyes,35.371,11.610422000000002
23711,740,2023-06-29 11:22:46.589067,https://lookiero.pt/user/quiz/hair,6142,hair,6.142,7.183847
23710,740,2023-06-29 11:22:53.772914,https://lookiero.pt/user/quiz/sizes,7870,sizes,7.87,26.7235
23712,740,2023-06-29 11:23:20.496414,https://lookiero.pt/user/quiz/measurements,26686,measurements,26.686,11.313938
23741,740,2023-06-29 11:23:31.810352,https://lookiero.pt/user/quiz/focus,11230,focus,11.23,19.611414
23713,740,2023-06-29 11:23:51.421766,https://lookiero.pt/user/quiz/adventurous,24604,adventurous,24.604,20.046835
23714,740,2023-06-29 11:24:11.468601,https://lookiero.pt/user/quiz/styles,14990,styles,14.99,84.350328
23715,740,2023-06-29 11:25:35.818929,https://lookiero.pt/user/quiz/prices,89165,prices,89.165,12.429881
23716,740,2023-06-29 11:25:48.248810,https://lookiero.pt/user/quiz/avoid,7494,avoid,7.494,66.52668700000001
23718,740,2023-06-29 11:26:54.775497,https://lookiero.pt/user/quiz/photos,24911,photos,24.911,59.577192000000004
23728,740,2023-06-29 11:27:54.352689,https://lookiero.pt/user/quiz/footwear,,footwear,,2.02572
23743,740,2023-06-29 11:27:56.378409,https://lookiero.pt/user/quiz/you,1484,you,1.484,8.201483
23730,740,2023-06-29 11:28:04.579892,https://lookiero.pt/user/quiz/register,4125,register,4.125,4.125
27871,763,2023-03-18 15:53:24.412634,https://lookiero.es/user/quiz/work,16238,work,16.238,7.092041
27805,763,2023-03-18 15:53:31.504675,https://lookiero.es/user/quiz/fit,7121,fit,7.121,21.200252000000003
27807,763,2023-03-18 15:53:52.704927,https://lookiero.es/user/quiz/body-shape,10694,body-shape,10.694,21.489144
27810,763,2023-03-18 15:54:14.194071,https://lookiero.es/user/quiz/hair,5657,hair,5.657,65.13104
27813,763,2023-03-18 15:55:19.325111,https://lookiero.es/user/quiz/measurements,17957,measurements,17.957,6.677633
27875,763,2023-03-18 15:55:26.002744,https://lookiero.es/user/quiz/sizes,1519,sizes,1.519,5.828285
27816,763,2023-03-18 15:55:31.831029,https://lookiero.es/user/quiz,1246,,1.246,5.369375000000001
27882,763,2023-03-18 15:55:37.200404,https://lookiero.es/user/quiz/highlight,2288,highlight,2.288,6.13579
27817,763,2023-03-18 15:55:43.336194,https://lookiero.es/user/quiz/eyes,1215,eyes,1.215,5.23031
27884,763,2023-03-18 15:55:48.566504,https://lookiero.es/user/quiz/focus,1415,focus,1.415,24.391642
27822,763,2023-03-18 15:56:12.958146,https://lookiero.es/user/quiz/styles,22078,styles,22.078,42.661453
27824,763,2023-03-18 15:56:55.619599,https://lookiero.es/user/quiz/prices,47600,prices,47.6,9.355373
27825,763,2023-03-18 15:57:04.974972,https://lookiero.es/user/quiz/avoid,4406,avoid,4.406,22.621164
27889,763,2023-03-18 15:57:27.596136,https://lookiero.es/user/quiz/footwear,22613,footwear,22.613,26.271388
27890,763,2023-03-18 15:57:53.867524,https://lookiero.es/user/quiz/you,26270,you,26.27,10.704925000000001
27891,763,2023-03-18 15:58:04.572449,https://lookiero.es/user/quiz/photos,15717,photos,15.717,10.622966
21847,766,2023-06-28 05:07:30.803093,https://lookiero.it/user/quiz,2039,,2.039,2.039
31060,878,2023-02-18 23:25:14.833298,https://lookiero.de/user/quiz/work,,work,,9.727789000000001
31061,878,2023-02-18 23:25:24.561087,https://lookiero.de/user/quiz/fit,9707,fit,9.707,15.290583000000002
31062,878,2023-02-18 23:25:39.851670,https://lookiero.de/user/quiz/highlight,20293,highlight,20.293,33.433966000000005
31063,878,2023-02-18 23:26:13.285636,https://lookiero.de/user/quiz/body-shape,28188,body-shape,28.188,23.223988000000002
31064,878,2023-02-18 23:26:36.509624,https://lookiero.de/user/quiz/eyes,23342,eyes,23.342,4.2128380000000005
31065,878,2023-02-18 23:26:40.722462,https://lookiero.de/user/quiz/hair,9203,hair,9.203,17.716566
31066,878,2023-02-18 23:26:58.439028,https://lookiero.de/user/quiz/sizes,12620,sizes,12.62,34.611972
31067,878,2023-02-18 23:27:33.051000,https://lookiero.de/user/quiz/measurements,34611,measurements,34.611,9.755713
31068,878,2023-02-18 23:27:42.806713,https://lookiero.de/user/quiz/focus,9752,focus,9.752,18.491701000000003
31069,878,2023-02-18 23:28:01.298414,https://lookiero.de/user/quiz/adventurous,23454,adventurous,23.454,32.347879
31070,878,2023-02-18 23:28:33.646293,https://lookiero.de/user/quiz/styles,27222,styles,27.222,50.120298000000005
31071,878,2023-02-18 23:29:23.766591,https://lookiero.de/user/quiz/prices,55025,prices,55.025,11.479763
31072,878,2023-02-18 23:29:35.246354,https://lookiero.de/user/quiz/avoid,6553,avoid,6.553,34.276343000000004
31073,878,2023-02-18 23:30:09.522697,https://lookiero.de/user/quiz/you,34227,you,34.227,21.81866
31074,878,2023-02-18 23:30:31.341357,https://lookiero.de/user/quiz/photos,26793,photos,26.793,17.407057000000002
31077,878,2023-02-18 23:31:59.742491,https://lookiero.de/user/quiz/register,65551,register,65.551,65.551
5641,920,2023-04-10 14:54:12.120169,https://lookiero.es/user/quiz/work,,work,,15.882704
5654,920,2023-04-10 14:54:28.002873,https://lookiero.es/user/quiz/fit,15601,fit,15.601,26.850024
5671,920,2023-04-10 14:54:54.852897,https://lookiero.es/user/quiz/highlight,27023,highlight,27.023,12.327243000000001
5703,920,2023-04-10 14:55:07.180140,https://lookiero.es/user/quiz/body-shape,17367,body-shape,17.367,35.316848
5685,920,2023-04-10 14:55:42.496988,https://lookiero.es/user/quiz/eyes,30263,eyes,30.263,8.53224
5672,920,2023-04-10 14:55:51.029228,https://lookiero.es/user/quiz/hair,8483,hair,8.483,11.62188
5682,920,2023-04-10 14:56:02.651108,https://lookiero.es/user/quiz/sizes,11580,sizes,11.58,18.554073000000002
5704,920,2023-04-10 14:56:21.205181,https://lookiero.es/user/quiz/measurements,23548,measurements,23.548,18.045765
5693,920,2023-04-10 14:56:39.250946,https://lookiero.es/user/quiz/focus,12987,focus,12.987,18.72043
5673,920,2023-04-10 14:56:57.971376,https://lookiero.es/user/quiz/adventurous,18687,adventurous,18.687,20.697933000000003
5674,920,2023-04-10 14:57:18.669309,https://lookiero.es/user/quiz/styles,20692,styles,20.692,64.32990000000001
5705,920,2023-04-10 14:58:22.999209,https://lookiero.es/user/quiz/prices,69285,prices,69.285,12.503584
5706,920,2023-04-10 14:58:35.502793,https://lookiero.es/user/quiz/avoid,7464,avoid,7.464,9.845578000000001
5707,920,2023-04-10 14:58:45.348371,https://lookiero.es/user/quiz/footwear,9835,footwear,9.835,34.704522000000004
5676,920,2023-04-10 14:59:20.052893,https://lookiero.es/user/quiz/you,34649,you,34.649,20.999364
5675,920,2023-04-10 14:59:41.052257,https://lookiero.es/user/quiz/photos,25998,photos,25.998,75.253145
5708,920,2023-04-10 15:00:56.305402,https://lookiero.es/user/quiz/register,65415,register,65.415,65.415
36047,951,2023-01-23 14:55:42.052369,https://lookiero.fr/user/quiz/work,,work,,7.731433000000001
36048,951,2023-01-23 14:55:49.783802,https://lookiero.fr/user/quiz/fit,7702,fit,7.702,10.228319
36006,951,2023-01-23 14:56:00.012121,https://lookiero.fr/user/quiz/highlight,10202,highlight,10.202,22.104680000000002
36007,951,2023-01-23 14:56:22.116801,https://lookiero.fr/user/quiz/body-shape,27140,body-shape,27.14,800.826897
36008,951,2023-01-23 15:09:42.943698,https://lookiero.fr/user/quiz/eyes,24127,eyes,24.127,9.677496000000001
36014,951,2023-01-23 15:09:52.621194,https://lookiero.fr/user/quiz/hair,4736,hair,4.736,10.083226
36049,951,2023-01-23 15:10:02.704420,https://lookiero.fr/user/quiz/sizes,10010,sizes,10.01,108.079397
36015,951,2023-01-23 15:11:50.783817,https://lookiero.fr/user/quiz/measurements,43580,measurements,43.58,14.531336000000001
36016,951,2023-01-23 15:12:05.315153,https://lookiero.fr/user/quiz/focus,9547,focus,9.547,12.538948000000001
36033,951,2023-01-23 15:12:17.854101,https://lookiero.fr/user/quiz/adventurous,12554,adventurous,12.554,23.986181000000002
36009,951,2023-01-23 15:12:41.840282,https://lookiero.fr/user/quiz/styles,23988,styles,23.988,24.150813000000003
36050,951,2023-01-23 15:13:05.991095,https://lookiero.fr/user/quiz/prices,29168,prices,29.168,11.942210000000001
36034,951,2023-01-23 15:13:17.933305,https://lookiero.fr/user/quiz/avoid,6928,avoid,6.928,11.342041
36017,951,2023-01-23 15:13:29.275346,https://lookiero.fr/user/quiz/footwear,11296,footwear,11.296,21.046868
36018,951,2023-01-23 15:13:50.322214,https://lookiero.fr/user/quiz/you,21069,you,21.069,12.303713
36019,951,2023-01-23 15:14:02.625927,https://lookiero.fr/user/quiz/photos,12298,photos,12.298,5.326604000000001
36010,951,2023-01-23 15:14:45.856957,https://lookiero.fr/user/quiz/register,30044,register,30.044,30.044
24866,975,2023-08-04 06:25:58.365181,https://lookiero.fr/user/quiz/work,,work,,3.75252
24898,975,2023-08-04 06:26:02.117701,https://lookiero.fr/user/quiz/fit,3745,fit,3.745,3.745
6484,986,2023-04-10 02:05:47.358487,https://lookiero.fr/user/quiz/work,,work,,23.338495
6485,986,2023-04-10 02:06:10.696982,https://lookiero.fr/user/quiz/fit,23310,fit,23.31,22.859989000000002
6486,986,2023-04-10 02:06:33.556971,https://lookiero.fr/user/quiz/highlight,22828,highlight,22.828,50.79204
6487,986,2023-04-10 02:07:24.349011,https://lookiero.fr/user/quiz/body-shape,55784,body-shape,55.784,53.608609
6488,986,2023-04-10 02:08:17.957620,https://lookiero.fr/user/quiz/eyes,48579,eyes,48.579,13.962165
6489,986,2023-04-10 02:08:31.919785,https://lookiero.fr/user/quiz/hair,18969,hair,18.969,16.610033
6490,986,2023-04-10 02:08:48.529818,https://lookiero.fr/user/quiz/sizes,11545,sizes,11.545,46.02412
6491,986,2023-04-10 02:09:34.553938,https://lookiero.fr/user/quiz/measurements,51001,measurements,51.001,28.642961000000003
6492,986,2023-04-10 02:10:03.196899,https://lookiero.fr/user/quiz/focus,23605,focus,23.605,54.013389000000004
6493,986,2023-04-10 02:10:57.210288,https://lookiero.fr/user/quiz/adventurous,59006,adventurous,59.006,41.181552
6494,986,2023-04-10 02:11:38.391840,https://lookiero.fr/user/quiz/styles,36136,styles,36.136,227.50309800000002
6495,986,2023-04-10 02:15:25.894938,https://lookiero.fr/user/quiz/prices,232485,prices,232.485,36.182280000000006
6496,986,2023-04-10 02:16:02.077218,https://lookiero.fr/user/quiz/avoid,31162,avoid,31.162,61.176503000000004
6497,986,2023-04-10 02:17:03.253721,https://lookiero.fr/user/quiz/you,66148,you,66.148,63.781154
6498,986,2023-04-10 02:18:07.034875,https://lookiero.fr/user/quiz/photos,58717,photos,58.717,295.17636500000003
6501,986,2023-04-10 02:23:02.211240,https://lookiero.fr/user/quiz/register,131561,register,131.561,131.561
